{
  "world": "sir_graph",
  "seeds": [
    42,
    123,
    456,
    789,
    999
  ],
  "timestamp": "2026-02-08T17:59:34.027304",
  "models": {
    "random_forest": {
      "f1_mean": 0.9314285714285713,
      "f1_std": 0.08590455073355947,
      "auc_roc_mean": 1.0,
      "auc_roc_std": 0.0,
      "pr_auc_mean": 1.0,
      "pr_auc_std": 0.0
    },
    "mlp": {
      "f1_mean": 0.5777777777777777,
      "f1_std": 0.47349501672583366,
      "auc_roc_mean": 0.809090909090909,
      "auc_roc_std": 0.29055376026357976,
      "pr_auc_mean": 0.7896749084249084,
      "pr_auc_std": 0.3378013824184652
    },
    "ridge": {
      "rmse_mean": 0.23373751775722057,
      "rmse_std": 0.030662846501952775,
      "mae_mean": 0.19838357865810394,
      "mae_std": 0.027842236599000893
    }
  }
}