model,rho_tau_mean,rho_tau_std,lead_mean,lead_std,separability_mean,separability_std,alert_rate
B1 Rolling Variance,-0.007486344824752912,0.16705746263520782,0.18416666666666665,0.21831625001068197,0.499112992270887,0.1303415847094856,0.6333333333333333
B2 Rolling AC1,0.0007655281029703552,0.11411433942712558,0.017222222222222226,0.0932640861360712,0.49702275794381057,0.09613934741149241,0.03333333333333333
B3 Rolling Skewness,-0.10369157523088043,0.1848401453358116,0.0043055555555555555,0.020426266565203712,0.46050392589866274,0.10432103052309763,0.06666666666666667
B4 DFA,0.0712336499610097,0.2956501132368974,0.09547222222222221,0.17011337970250234,0.48262499999999997,0.21828469568489206,0.3333333333333333
B5 Basin Stability,0.765169259435418,0.19689769508684832,0.3443148148148148,0.1340248091434767,0.8977708298381427,0.17550769376764405,1.0
Cox PH (hazard),-0.9917435090466641,0.01631182898368612,0.0,0.0,0.012351853849103634,0.02847165717954916,0.0
S_t,0.8105676908782434,0.1896132539879302,0.3886666666666667,0.09297985162920389,0.8883513785031796,0.1794373128547098,1.0
