system,sigma,rho_sw_mean,mono_mean,lead_mean,alert_rate
Double-Well,0.03,0.6361637207306716,0.5383333333333333,0.45,1.0
Double-Well,0.05,0.6356966939478558,0.54,0.45,1.0
Double-Well,0.1,0.6366389400299755,0.54,0.45125000000000004,1.0
Ecosystem,0.03,0.8797995118608704,0.8620253164556961,0.376,1.0
Ecosystem,0.05,0.8817309919623305,0.8594936708860759,0.37725,1.0
Ecosystem,0.1,0.8914722806642217,0.8278481012658228,0.4035,1.0
Saddle-Node,0.03,0.9149629614663988,0.8,0.33,1.0
Saddle-Node,0.05,0.9155372527078708,0.7936170212765957,0.33,1.0
Saddle-Node,0.1,0.9160818057361819,0.7957446808510638,0.33,1.0
