system,rho_sw_mean,rho_sw_std,mono_mean,mono_std,lead_mean,lead_std,alert_rate
Double-Well,0.6356966939478558,0.25850960589879235,0.54,0.04172218523448577,0.45,0.1384186483903893,1.0
Ecosystem,0.8817309919623305,0.013317574037226686,0.8594936708860759,0.03552832816037276,0.37725,0.028295317633841802,1.0
Saddle-Node,0.9155372527078708,0.005318208737772666,0.7936170212765957,0.02663118206456534,0.33,0.0,1.0
